N,Iterative,Dynamic Programming,Recursive
1,0.000002,0.000001,0.000001
2,0.000003,0.000002,0.000002
3,0.000003,0.000003,0.000002
4,0.000003,0.000004,0.000003
5,0.000003,0.000003,0.000003
6,0.000003,0.000003,0.000004
7,0.000003,0.000003,0.000005
8,0.000003,0.000003,0.000007
9,0.000003,0.000003,0.000010
10,0.000003,0.000003,0.000014
