N,Iterative,Dynamic Programming,Recursive
1,0.000001,0.000001,0.000000
2,0.000001,0.000013,0.000001
3,0.000001,0.000012,0.000001
4,0.000001,0.000012,0.000001
5,0.000001,0.000011,0.000001
6,0.000001,0.000011,0.000000
7,0.000001,0.000012,0.000000
8,0.000001,0.000010,0.000001
9,0.000001,0.000011,0.000001
10,0.000001,0.000011,0.000001
